StartDate,EndDate,Status,IPAddress,Progress,Duration (in seconds),Finished,RecordedDate,ResponseId,RecipientLastName,RecipientFirstName,RecipientEmail,ExternalReference,LocationLatitude,LocationLongitude,DistributionChannel,UserLanguage,Q13,Q1,Q1_3_TEXT,Q4,Q10,Q8_1,Q8_2,Q9_1,Q9_2,Q9_3,Q9_4,Q9_5,Q12_1,Q12_2,Q12_3,Q3,Q5,Q11
Fecha de inicio,Fecha de finalización,Tipo de respuesta,Dirección IP,Progreso,Duración (en segundos),Finalizado,Fecha registrada,ID de respuesta,Apellido del destinatario,Nombre del destinatario,Correo electrónico del destinatario,Referencia a datos externos,Latitud de la ubicación,Longitud de la ubicación,Canal de la distribución,Idioma del usuario,Señale la facultad a la que pertenece,¿Con cuál género te identificas? - Selected Choice,¿Con cuál género te identificas? - Otro - Texto,¿Cuántas ganas tiene de estar en clases?,"Independientemente de tu posición política, ¿Apruebas o desapruebas la presidencia de José Antonio Kast?",¿Qué tan bueno o malo crees que es para este país.. ? - Tener a un líder fuerte que no le preocupen el congreso ni las elecciones,¿Qué tan bueno o malo crees que es para este país.. ? - Tener un sistema político democrático,"En cuanto al presidente electo José Antonio kast, te parece: - Líder","En cuanto al presidente electo José Antonio kast, te parece: - Competente","En cuanto al presidente electo José Antonio kast, te parece: - Resuelve problemas","En cuanto al presidente electo José Antonio kast, te parece: - Físicamente fuerte","En cuanto al presidente electo José Antonio kast, te parece: - Físicamente atractivo",¿Qué tan de acuerdo estás con las siguientes afirmaciones? - Ocurren cosas muy importantes en el mundo sobre las que el público nunca es informado,¿Qué tan de acuerdo estás con las siguientes afirmaciones? - Las agencias gubernamentales vigilan estrechamente a todos los ciudadanos,"¿Qué tan de acuerdo estás con las siguientes afirmaciones? - Sucesos que no parecen estar conectados, a menudo son el resultado de actividades secretas",Señale su estatura en centímetros,Señale su signo zodiacal,En promedio: ¿Cuántas veces come al día?
"{""ImportId"":""startDate"",""timeZone"":""Canada/Atlantic""}","{""ImportId"":""endDate"",""timeZone"":""Canada/Atlantic""}","{""ImportId"":""status""}","{""ImportId"":""ipAddress""}","{""ImportId"":""progress""}","{""ImportId"":""duration""}","{""ImportId"":""finished""}","{""ImportId"":""recordedDate"",""timeZone"":""Canada/Atlantic""}","{""ImportId"":""_recordId""}","{""ImportId"":""recipientLastName""}","{""ImportId"":""recipientFirstName""}","{""ImportId"":""recipientEmail""}","{""ImportId"":""externalDataReference""}","{""ImportId"":""locationLatitude""}","{""ImportId"":""locationLongitude""}","{""ImportId"":""distributionChannel""}","{""ImportId"":""userLanguage""}","{""ImportId"":""QID13""}","{""ImportId"":""QID1""}","{""ImportId"":""QID1_3_TEXT""}","{""ImportId"":""QID4""}","{""ImportId"":""QID10""}","{""ImportId"":""QID8_1""}","{""ImportId"":""QID8_2""}","{""ImportId"":""QID9_1""}","{""ImportId"":""QID9_2""}","{""ImportId"":""QID9_3""}","{""ImportId"":""QID9_4""}","{""ImportId"":""QID9_5""}","{""ImportId"":""QID12_1""}","{""ImportId"":""QID12_2""}","{""ImportId"":""QID12_3""}","{""ImportId"":""QID3_TEXT""}","{""ImportId"":""QID5""}","{""ImportId"":""QID11_TEXT""}"
2026-03-02 08:26:18,2026-03-02 08:29:07,Survey Preview,,100,168,True,2026-03-02 08:29:08,R_5RPOtOC8SMw4ch1,,,,,-33.4521,-70.6536,preview,ES,,Femenino,,Un poco de ganas,Apruebo,Ni bueno ni malo,Ni bueno ni malo,Muy de acuerdo,Muy de acuerdo,Muy de acuerdo,Muy de acuerdo,Muy de acuerdo,Ni de acuerdo ni en desacuerdo,Ni de acuerdo ni en desacuerdo,Ni de acuerdo ni en desacuerdo,167,Leo,6
2026-03-02 15:35:55,2026-03-02 15:37:09,IP Address,181.42.207.74,100,74,True,2026-03-02 15:37:09,R_7xrvFGXT79YA3jH,,,,,-33.4521,-70.6536,qr,ES,Comunicaciones,Masculino,,Nada de ganas,Apruebo,Bueno,Bueno,Muy de acuerdo,Muy de acuerdo,Ni de acuerdo ni en desacuerdo,Ni de acuerdo ni en desacuerdo,En desacuerdo,De acuerdo,De acuerdo,Ni de acuerdo ni en desacuerdo,174,Virgo,3
2026-03-02 15:35:56,2026-03-02 15:37:34,IP Address,181.42.253.45,100,98,True,2026-03-02 15:37:35,R_3FPRUiG2crKFwOK,,,,,-33.4521,-70.6536,qr,ES,Comunicaciones,Masculino,,Un poco de ganas,Apruebo,Muy bueno,Muy bueno,De acuerdo,De acuerdo,De acuerdo,Ni de acuerdo ni en desacuerdo,En desacuerdo,De acuerdo,De acuerdo,De acuerdo,175,Cáncer,3
2026-03-02 15:35:57,2026-03-02 15:37:47,IP Address,186.174.169.129,100,109,True,2026-03-02 15:37:47,R_1JDD09Kv4f4qM0h,,,,,-33.4521,-70.6536,qr,ES,Comunicaciones,Femenino,,Un poco de ganas,Apruebo,Malo,Bueno,De acuerdo,De acuerdo,De acuerdo,Ni de acuerdo ni en desacuerdo,Ni de acuerdo ni en desacuerdo,De acuerdo,Ni de acuerdo ni en desacuerdo,Ni de acuerdo ni en desacuerdo,170,Géminis,4
2026-03-02 15:35:59,2026-03-02 15:37:48,IP Address,179.189.216.230,100,108,True,2026-03-02 15:37:48,R_5C9lATyVUeqtbNf,,,,,-33.4521,-70.6536,qr,ES,Comunicaciones,Masculino,,Un poco de ganas,Apruebo,Muy malo,Bueno,Muy de acuerdo,Ni de acuerdo ni en desacuerdo,De acuerdo,Ni de acuerdo ni en desacuerdo,En desacuerdo,Muy de acuerdo,De acuerdo,Ni de acuerdo ni en desacuerdo,185,Géminis,3
2026-03-02 15:36:04,2026-03-02 15:37:48,IP Address,181.42.164.203,100,103,True,2026-03-02 15:37:48,R_3zqXC1i0eTYr34Y,,,,,-33.4521,-70.6536,qr,ES,Comunicaciones,Masculino,,Un poco de ganas,Apruebo,Ni bueno ni malo,Muy bueno,De acuerdo,Muy de acuerdo,Muy de acuerdo,En desacuerdo,De acuerdo,En desacuerdo,En desacuerdo,Ni de acuerdo ni en desacuerdo,173,Libra,3
2026-03-02 15:35:53,2026-03-02 15:37:50,IP Address,179.189.216.230,100,116,True,2026-03-02 15:37:51,R_3Sb5NxyENKvf26t,,,,,-33.4521,-70.6536,qr,ES,Comunicaciones,Femenino,,Nada de ganas,Apruebo,Bueno,Muy bueno,Muy de acuerdo,Muy de acuerdo,Muy de acuerdo,De acuerdo,Ni de acuerdo ni en desacuerdo,De acuerdo,De acuerdo,De acuerdo,170,Virgo,3
2026-03-02 15:35:57,2026-03-02 15:37:53,IP Address,181.43.94.114,100,116,True,2026-03-02 15:37:53,R_6Kei4HsvqDvqmCt,,,,,-33.4521,-70.6536,qr,ES,Comunicaciones,Masculino,,Muchas ganas,Apruebo,Ni bueno ni malo,Muy bueno,Muy de acuerdo,Muy de acuerdo,De acuerdo,Ni de acuerdo ni en desacuerdo,Ni de acuerdo ni en desacuerdo,De acuerdo,De acuerdo,De acuerdo,171,Piscis,4
2026-03-02 15:35:58,2026-03-02 15:37:56,IP Address,104.28.63.202,100,117,True,2026-03-02 15:37:57,R_7w5VvlH4UIVlW13,,,,,-33.4521,-70.6536,qr,ES,Comunicaciones,Femenino,,Un poco de ganas,Apruebo,Muy malo,Muy bueno,En desacuerdo,Ni de acuerdo ni en desacuerdo,Ni de acuerdo ni en desacuerdo,Muy en desacuerdo,De acuerdo,De acuerdo,En desacuerdo,Ni de acuerdo ni en desacuerdo,158,Aries,3
2026-03-02 15:36:16,2026-03-02 15:38:09,IP Address,104.28.115.50,100,113,True,2026-03-02 15:38:10,R_1qfdFBFxAyt9X1g,,,,,-33.4521,-70.6536,qr,ES,Comunicaciones,Femenino,,Nada de ganas,Desapruebo,Muy malo,Muy bueno,En desacuerdo,Ni de acuerdo ni en desacuerdo,Ni de acuerdo ni en desacuerdo,En desacuerdo,Muy en desacuerdo,Muy de acuerdo,De acuerdo,Ni de acuerdo ni en desacuerdo,164,Sagitario,3
2026-03-02 15:36:08,2026-03-02 15:38:13,IP Address,186.10.194.42,100,124,True,2026-03-02 15:38:13,R_7ereU1PPC8JqhlT,,,,,-33.4521,-70.6536,qr,ES,Comunicaciones,Masculino,,Un poco de ganas,Apruebo,Bueno,Ni bueno ni malo,De acuerdo,De acuerdo,De acuerdo,Ni de acuerdo ni en desacuerdo,Ni de acuerdo ni en desacuerdo,Muy de acuerdo,De acuerdo,De acuerdo,164,Libra,3
2026-03-02 15:36:00,2026-03-02 15:38:13,IP Address,181.42.220.208,100,133,True,2026-03-02 15:38:13,R_7CvyhjLnGozbfXM,,,,,-33.4521,-70.6536,qr,ES,Comunicaciones,Prefiero no responder,,Muchas ganas,Desapruebo,Muy malo,Muy bueno,De acuerdo,Muy en desacuerdo,Muy en desacuerdo,En desacuerdo,Muy en desacuerdo,Muy de acuerdo,En desacuerdo,De acuerdo,169,Capricornio,4
2026-03-02 15:36:03,2026-03-02 15:38:20,IP Address,186.11.109.10,100,137,True,2026-03-02 15:38:21,R_3pmSuQF2aEYcfv1,,,,,-33.4521,-70.6536,qr,ES,Comunicaciones,Femenino,,Un poco de ganas,Apruebo,Muy malo,Muy bueno,Muy de acuerdo,Muy de acuerdo,Muy de acuerdo,Muy de acuerdo,Muy de acuerdo,Ni de acuerdo ni en desacuerdo,Ni de acuerdo ni en desacuerdo,De acuerdo,167,Aries,3
2026-03-02 15:35:52,2026-03-02 15:38:21,IP Address,181.42.227.193,100,148,True,2026-03-02 15:38:21,R_74NNEq0KzAzoRBR,,,,,-33.4521,-70.6536,qr,ES,Comunicaciones,Masculino,,Muchas ganas,Apruebo,Bueno,Muy bueno,De acuerdo,Muy de acuerdo,De acuerdo,Muy de acuerdo,En desacuerdo,De acuerdo,De acuerdo,De acuerdo,172,Libra,4
2026-03-02 15:36:00,2026-03-02 15:38:26,IP Address,186.41.169.7,100,145,True,2026-03-02 15:38:26,R_1EldeWmHYJmBmBH,,,,,-33.4521,-70.6536,qr,ES,Comunicaciones,Femenino,,Un poco de ganas,No sé,Malo,Muy bueno,De acuerdo,De acuerdo,De acuerdo,Ni de acuerdo ni en desacuerdo,De acuerdo,De acuerdo,Ni de acuerdo ni en desacuerdo,Ni de acuerdo ni en desacuerdo,160,Cáncer,3
2026-03-02 15:36:15,2026-03-02 15:38:36,IP Address,186.40.58.8,100,141,True,2026-03-02 15:38:36,R_62G2Ht5Gx4g3ZLc,,,,,-33.4521,-70.6536,qr,ES,Comunicaciones,Femenino,,Un poco de ganas,Apruebo,Bueno,Muy bueno,De acuerdo,De acuerdo,De acuerdo,Ni de acuerdo ni en desacuerdo,Ni de acuerdo ni en desacuerdo,De acuerdo,Ni de acuerdo ni en desacuerdo,Ni de acuerdo ni en desacuerdo,163,Leo,2
2026-03-02 15:35:55,2026-03-02 15:38:40,IP Address,104.28.63.194,100,164,True,2026-03-02 15:38:40,R_7Gy8z5jAYLaxtsD,,,,,-33.4521,-70.6536,qr,ES,Comunicaciones,Femenino,,Muchas ganas,Apruebo,Muy bueno,Muy bueno,Muy de acuerdo,De acuerdo,Muy de acuerdo,Ni de acuerdo ni en desacuerdo,De acuerdo,De acuerdo,Ni de acuerdo ni en desacuerdo,De acuerdo,157,Capricornio,4
2026-03-02 15:35:53,2026-03-02 15:38:45,IP Address,179.189.216.230,100,172,True,2026-03-02 15:38:45,R_3e2YmcVJkQBABFu,,,,,-33.4521,-70.6536,qr,ES,Comunicaciones,Femenino,,Muchas ganas,Desapruebo,Malo,Bueno,Ni de acuerdo ni en desacuerdo,En desacuerdo,En desacuerdo,En desacuerdo,Ni de acuerdo ni en desacuerdo,De acuerdo,De acuerdo,De acuerdo,163,Escorpio,2
2026-03-02 15:35:58,2026-03-02 15:38:51,IP Address,181.42.246.43,100,172,True,2026-03-02 15:38:52,R_7rxuzzX5R6vj6np,,,,,-33.4521,-70.6536,qr,ES,Comunicaciones,Masculino,,Muchas ganas,No sé,Malo,Muy bueno,De acuerdo,Ni de acuerdo ni en desacuerdo,Ni de acuerdo ni en desacuerdo,Ni de acuerdo ni en desacuerdo,En desacuerdo,De acuerdo,En desacuerdo,Ni de acuerdo ni en desacuerdo,180,Leo,3
2026-03-02 15:35:58,2026-03-02 15:38:57,IP Address,186.11.12.181,100,179,True,2026-03-02 15:38:57,R_1uEQzZHufywl4pZ,,,,,-33.4521,-70.6536,qr,ES,Comunicaciones,Masculino,,Muchas ganas,Apruebo,Bueno,Bueno,De acuerdo,De acuerdo,De acuerdo,De acuerdo,Muy de acuerdo,De acuerdo,Ni de acuerdo ni en desacuerdo,De acuerdo,180,Virgo,2
2026-03-02 15:36:00,2026-03-02 15:39:11,IP Address,191.125.170.245,100,190,True,2026-03-02 15:39:11,R_6iwZmAEI7bleUmX,,,,,-33.4521,-70.6536,qr,ES,Comunicaciones,Masculino,,Un poco de ganas,Desapruebo,Muy malo,Bueno,De acuerdo,En desacuerdo,En desacuerdo,De acuerdo,Ni de acuerdo ni en desacuerdo,Ni de acuerdo ni en desacuerdo,De acuerdo,Ni de acuerdo ni en desacuerdo,171,Acuario,5
2026-03-02 15:35:55,2026-03-02 15:39:15,IP Address,186.11.95.64,100,200,True,2026-03-02 15:39:16,R_3dnUFSJTzn6sld3,,,,,-33.4521,-70.6536,qr,ES,Comunicaciones,Femenino,,Nada de ganas,Desapruebo,Malo,Muy bueno,De acuerdo,De acuerdo,En desacuerdo,De acuerdo,Muy en desacuerdo,En desacuerdo,Muy de acuerdo,Ni de acuerdo ni en desacuerdo,158,Géminis,3
2026-03-02 15:36:02,2026-03-02 15:39:19,IP Address,179.189.216.230,100,196,True,2026-03-02 15:39:19,R_3jVBARSZ5tJRx2B,,,,,-33.4521,-70.6536,qr,ES,Comunicaciones,Femenino,,Un poco de ganas,Apruebo,Malo,Bueno,Ni de acuerdo ni en desacuerdo,De acuerdo,Ni de acuerdo ni en desacuerdo,En desacuerdo,Ni de acuerdo ni en desacuerdo,De acuerdo,Ni de acuerdo ni en desacuerdo,En desacuerdo,174,Piscis,3
2026-03-02 15:35:56,2026-03-02 15:39:29,IP Address,179.189.216.230,100,212,True,2026-03-02 15:39:29,R_5GydlBvl9qXhxPF,,,,,-33.4521,-70.6536,qr,ES,Comunicaciones,Masculino,,Muchas ganas,Apruebo,Malo,Muy bueno,De acuerdo,De acuerdo,De acuerdo,De acuerdo,Ni de acuerdo ni en desacuerdo,De acuerdo,Ni de acuerdo ni en desacuerdo,De acuerdo,190,Escorpio,4
2026-03-02 15:35:53,2026-03-02 15:39:29,IP Address,181.42.198.216,100,215,True,2026-03-02 15:39:29,R_6Ey7CjOBO6sRZAU,,,,,-33.4521,-70.6536,qr,ES,Comunicaciones,Femenino,,Un poco de ganas,Apruebo,Muy malo,Muy bueno,De acuerdo,Ni de acuerdo ni en desacuerdo,Ni de acuerdo ni en desacuerdo,Ni de acuerdo ni en desacuerdo,Ni de acuerdo ni en desacuerdo,En desacuerdo,En desacuerdo,De acuerdo,160,Géminis,3
2026-03-02 15:36:05,2026-03-02 15:39:47,IP Address,181.42.196.8,100,222,True,2026-03-02 15:39:48,R_6WZOTxzTokHDp73,,,,,-33.4521,-70.6536,qr,ES,Comunicaciones,Masculino,,Un poco de ganas,Apruebo,Muy malo,Muy bueno,De acuerdo,De acuerdo,De acuerdo,Ni de acuerdo ni en desacuerdo,Ni de acuerdo ni en desacuerdo,Ni de acuerdo ni en desacuerdo,Ni de acuerdo ni en desacuerdo,Ni de acuerdo ni en desacuerdo,175,Leo,3
2026-03-02 15:36:45,2026-03-02 15:40:01,IP Address,181.42.206.248,100,196,True,2026-03-02 15:40:01,R_5OPeCDvoYx0SFUq,,,,,-33.4521,-70.6536,qr,ES,Comunicaciones,Femenino,,Un poco de ganas,Apruebo,Malo,Bueno,Ni de acuerdo ni en desacuerdo,En desacuerdo,Muy en desacuerdo,Muy en desacuerdo,Muy en desacuerdo,Muy de acuerdo,De acuerdo,Muy de acuerdo,162,Cáncer,2
2026-03-07 09:07:50,2026-03-07 09:09:21,IP Address,181.43.95.102,100,90,True,2026-03-07 09:09:22,R_3hPWYZ7zMDqxrYV,,,,,-33.4521,-70.6536,qr,ES,Psicología,Femenino,,Muchas ganas,Desapruebo,Muy malo,Muy bueno,Muy en desacuerdo,Muy en desacuerdo,Muy en desacuerdo,Muy en desacuerdo,Muy en desacuerdo,Muy de acuerdo,En desacuerdo,De acuerdo,170,Capricornio,3
2026-03-07 09:07:48,2026-03-07 09:09:32,IP Address,191.126.134.5,100,104,True,2026-03-07 09:09:33,R_31hWrTZOwK4OfNp,,,,,-33.4521,-70.6536,qr,ES,Psicología,Femenino,,Nada de ganas,No sé,Malo,Muy bueno,Ni de acuerdo ni en desacuerdo,Ni de acuerdo ni en desacuerdo,Ni de acuerdo ni en desacuerdo,Ni de acuerdo ni en desacuerdo,Muy en desacuerdo,De acuerdo,De acuerdo,De acuerdo,117,Acuario,4
2026-03-07 09:07:48,2026-03-07 09:09:37,IP Address,172.225.82.121,100,108,True,2026-03-07 09:09:37,R_6Q3LgSxcy0PExM2,,,,,-33.4521,-70.6536,qr,ES,Psicología,Femenino,,Nada de ganas,Desapruebo,Muy malo,Muy bueno,Ni de acuerdo ni en desacuerdo,En desacuerdo,En desacuerdo,Muy en desacuerdo,Muy en desacuerdo,Muy de acuerdo,Ni de acuerdo ni en desacuerdo,Ni de acuerdo ni en desacuerdo,165,Sagitario,5
2026-03-07 09:07:44,2026-03-07 09:10:01,IP Address,179.189.216.230,100,136,True,2026-03-07 09:10:01,R_3DLGpXHRCN2y1aN,,,,,-33.4521,-70.6536,qr,ES,Psicología,Masculino,,Muchas ganas,Desapruebo,Muy malo,Muy bueno,Muy de acuerdo,Ni de acuerdo ni en desacuerdo,En desacuerdo,Ni de acuerdo ni en desacuerdo,De acuerdo,Muy de acuerdo,Ni de acuerdo ni en desacuerdo,Muy en desacuerdo,190,Acuario,4
2026-03-07 09:07:59,2026-03-07 09:10:04,IP Address,186.11.82.47,100,125,True,2026-03-07 09:10:05,R_6QVpVGBh6KskZYl,,,,,-33.4521,-70.6536,qr,ES,Psicología,Femenino,,Nada de ganas,Desapruebo,Muy malo,Muy bueno,En desacuerdo,Muy en desacuerdo,Muy en desacuerdo,Ni de acuerdo ni en desacuerdo,Muy en desacuerdo,De acuerdo,Ni de acuerdo ni en desacuerdo,En desacuerdo,156,Acuario,4
2026-03-07 09:07:54,2026-03-07 09:10:05,IP Address,191.127.255.20,100,130,True,2026-03-07 09:10:06,R_3PrvbJTlZ4yVvHj,,,,,-33.4521,-70.6536,qr,ES,Psicología,Femenino,,Muchas ganas,Desapruebo,Malo,Bueno,De acuerdo,Muy en desacuerdo,En desacuerdo,Muy en desacuerdo,Muy en desacuerdo,De acuerdo,Muy de acuerdo,De acuerdo,159,Capricornio,4
2026-03-07 09:07:49,2026-03-07 09:10:11,IP Address,181.43.93.216,100,142,True,2026-03-07 09:10:12,R_6R1J3WUWLixWq5E,,,,,-33.4521,-70.6536,qr,ES,Psicología,Masculino,,Muchas ganas,No sé,Ni bueno ni malo,Muy bueno,De acuerdo,De acuerdo,De acuerdo,En desacuerdo,Muy en desacuerdo,Muy de acuerdo,En desacuerdo,De acuerdo,173,Sagitario,4
2026-03-07 09:07:57,2026-03-07 09:10:11,IP Address,181.42.253.61,100,134,True,2026-03-07 09:10:12,R_6s7neW5cwUDuLKN,,,,,-33.4521,-70.6536,qr,ES,Psicología,Femenino,,Nada de ganas,Desapruebo,Muy malo,Bueno,Muy en desacuerdo,Muy en desacuerdo,Muy en desacuerdo,Muy en desacuerdo,Muy en desacuerdo,Muy de acuerdo,Ni de acuerdo ni en desacuerdo,Ni de acuerdo ni en desacuerdo,160,Tauro,2
2026-03-07 09:07:52,2026-03-07 09:10:12,IP Address,179.189.216.230,100,140,True,2026-03-07 09:10:12,R_6QRoTqvTraFwcLy,,,,,-33.4521,-70.6536,qr,ES,Psicología,Femenino,,Un poco de ganas,Desapruebo,Malo,Muy bueno,Muy en desacuerdo,De acuerdo,Ni de acuerdo ni en desacuerdo,Muy en desacuerdo,Muy en desacuerdo,Ni de acuerdo ni en desacuerdo,Muy en desacuerdo,En desacuerdo,172,Escorpio,2
2026-03-07 09:07:46,2026-03-07 09:10:13,IP Address,179.189.216.230,100,147,True,2026-03-07 09:10:14,R_3VK06B6WkUE6TyC,,,,,-33.4521,-70.6536,qr,ES,Psicología,Femenino,,Nada de ganas,Desapruebo,Muy malo,Bueno,Muy en desacuerdo,Muy en desacuerdo,Muy en desacuerdo,De acuerdo,Muy en desacuerdo,Muy de acuerdo,En desacuerdo,De acuerdo,158,Piscis,3
2026-03-07 09:07:49,2026-03-07 09:10:21,IP Address,200.111.21.61,100,151,True,2026-03-07 09:10:21,R_6D7z3y6xqVAskEk,,,,,-33.4521,-70.6536,qr,ES,Psicología,Femenino,,Muchas ganas,Apruebo,Muy malo,Muy bueno,Ni de acuerdo ni en desacuerdo,De acuerdo,Muy de acuerdo,En desacuerdo,De acuerdo,Muy de acuerdo,En desacuerdo,Ni de acuerdo ni en desacuerdo,160,Libra,2
2026-03-07 09:07:46,2026-03-07 09:10:21,IP Address,186.173.120.98,100,155,True,2026-03-07 09:10:22,R_62UR4v4xWZFxx89,,,,,-33.4521,-70.6536,qr,ES,Psicología,Masculino,,Un poco de ganas,Desapruebo,Malo,Muy bueno,De acuerdo,Ni de acuerdo ni en desacuerdo,En desacuerdo,Ni de acuerdo ni en desacuerdo,De acuerdo,Muy de acuerdo,De acuerdo,Muy de acuerdo,180,Géminis,3
2026-03-07 09:07:59,2026-03-07 09:10:23,IP Address,179.189.216.230,100,143,True,2026-03-07 09:10:23,R_6DIMZ4bPVNrxEmg,,,,,-33.4521,-70.6536,qr,ES,Psicología,Femenino,,Muchas ganas,Apruebo,Malo,Bueno,De acuerdo,De acuerdo,De acuerdo,De acuerdo,De acuerdo,De acuerdo,De acuerdo,De acuerdo,168,Capricornio,3
2026-03-07 09:07:48,2026-03-07 09:10:23,IP Address,179.189.216.230,100,155,True,2026-03-07 09:10:23,R_3oh8OFx0x7kYoqB,,,,,-33.4521,-70.6536,qr,ES,Psicología,Femenino,,Muchas ganas,Desapruebo,Muy malo,Muy bueno,Muy en desacuerdo,Muy en desacuerdo,Muy en desacuerdo,Muy en desacuerdo,Muy en desacuerdo,Muy de acuerdo,Ni de acuerdo ni en desacuerdo,De acuerdo,169,Sagitario,5.2
2026-03-07 09:08:08,2026-03-07 09:10:24,IP Address,179.189.216.230,100,136,True,2026-03-07 09:10:24,R_6zyksHmIS6TxjcR,,,,,-33.4521,-70.6536,qr,ES,Psicología,Femenino,,Un poco de ganas,Apruebo,Muy bueno,Muy bueno,De acuerdo,De acuerdo,De acuerdo,De acuerdo,Muy de acuerdo,De acuerdo,De acuerdo,De acuerdo,169,Virgo,5
2026-03-07 09:07:53,2026-03-07 09:10:33,IP Address,181.43.60.133,100,159,True,2026-03-07 09:10:33,R_6B9VgAwttAjUSVX,,,,,-33.4521,-70.6536,qr,ES,Psicología,Femenino,,Un poco de ganas,Apruebo,Muy bueno,Muy bueno,Muy de acuerdo,Muy de acuerdo,Muy de acuerdo,Muy de acuerdo,Muy de acuerdo,De acuerdo,De acuerdo,De acuerdo,163,Escorpio,4
2026-03-07 09:07:46,2026-03-07 09:10:45,IP Address,181.42.218.88,100,178,True,2026-03-07 09:10:45,R_6F3oug1aJvMxd0z,,,,,-33.4521,-70.6536,qr,ES,Psicología,Masculino,,Nada de ganas,No sé,Malo,Bueno,Ni de acuerdo ni en desacuerdo,Ni de acuerdo ni en desacuerdo,Ni de acuerdo ni en desacuerdo,En desacuerdo,En desacuerdo,De acuerdo,De acuerdo,De acuerdo,181,Leo,5
2026-03-07 09:07:52,2026-03-07 09:10:48,IP Address,181.42.255.5,100,175,True,2026-03-07 09:10:48,R_3g4RWTbYKUtrARb,,,,,-33.4521,-70.6536,qr,ES,Psicología,Femenino,,Un poco de ganas,Apruebo,Bueno,Muy bueno,De acuerdo,De acuerdo,De acuerdo,Ni de acuerdo ni en desacuerdo,En desacuerdo,De acuerdo,Ni de acuerdo ni en desacuerdo,De acuerdo,165,Virgo,4
2026-03-07 09:07:48,2026-03-07 09:11:09,IP Address,181.42.208.187,100,200,True,2026-03-07 09:11:10,R_6zLSPhG7OeyrEKO,,,,,-33.4521,-70.6536,qr,ES,Psicología,Femenino,,Un poco de ganas,No sé,Muy malo,Muy bueno,De acuerdo,Ni de acuerdo ni en desacuerdo,Ni de acuerdo ni en desacuerdo,Ni de acuerdo ni en desacuerdo,Ni de acuerdo ni en desacuerdo,De acuerdo,Ni de acuerdo ni en desacuerdo,Ni de acuerdo ni en desacuerdo,160,Capricornio,3
2026-03-07 09:07:48,2026-03-07 09:11:12,IP Address,181.42.248.102,100,203,True,2026-03-07 09:11:12,R_6IY1UCaaYaDJm0s,,,,,-33.4521,-70.6536,qr,ES,Psicología,Masculino,,Muchas ganas,Desapruebo,Malo,Muy bueno,Ni de acuerdo ni en desacuerdo,Ni de acuerdo ni en desacuerdo,Ni de acuerdo ni en desacuerdo,Ni de acuerdo ni en desacuerdo,Ni de acuerdo ni en desacuerdo,De acuerdo,De acuerdo,Ni de acuerdo ni en desacuerdo,175,,4
2026-03-07 09:07:57,2026-03-07 09:11:14,IP Address,186.11.83.66,100,196,True,2026-03-07 09:11:14,R_35PYCaFOefF96LL,,,,,-33.4521,-70.6536,qr,ES,Psicología,Masculino,,Muchas ganas,Apruebo,Malo,Muy bueno,De acuerdo,Muy de acuerdo,Ni de acuerdo ni en desacuerdo,En desacuerdo,En desacuerdo,Muy de acuerdo,De acuerdo,Ni de acuerdo ni en desacuerdo,187,Virgo,4
2026-03-07 09:07:52,2026-03-07 09:11:29,IP Address,186.40.54.244,100,217,True,2026-03-07 09:11:29,R_6ilKyUJpHK5vAtN,,,,,-33.4521,-70.6536,qr,ES,Psicología,Masculino,,Un poco de ganas,No sé,Malo,Muy bueno,Ni de acuerdo ni en desacuerdo,Ni de acuerdo ni en desacuerdo,Ni de acuerdo ni en desacuerdo,Ni de acuerdo ni en desacuerdo,En desacuerdo,Muy de acuerdo,Ni de acuerdo ni en desacuerdo,Ni de acuerdo ni en desacuerdo,190,Piscis,2
2026-03-07 09:08:01,2026-03-07 09:11:57,IP Address,179.189.216.230,100,235,True,2026-03-07 09:11:57,R_32j1s6nfKrYvxUl,,,,,-33.4521,-70.6536,qr,ES,Psicología,Masculino,,Un poco de ganas,Desapruebo,Malo,Muy bueno,Ni de acuerdo ni en desacuerdo,Muy de acuerdo,Ni de acuerdo ni en desacuerdo,En desacuerdo,Ni de acuerdo ni en desacuerdo,En desacuerdo,De acuerdo,De acuerdo,181,Libra,4
2026-03-07 09:07:50,2026-03-07 09:13:29,IP Address,179.189.216.230,100,339,True,2026-03-07 09:13:30,R_618ZBqpB2BjkQQV,,,,,-33.4521,-70.6536,qr,ES,Psicología,Femenino,,Nada de ganas,Apruebo,Muy malo,Bueno,Muy de acuerdo,De acuerdo,De acuerdo,Ni de acuerdo ni en desacuerdo,Muy en desacuerdo,Muy de acuerdo,Muy de acuerdo,Muy de acuerdo,163,Leo,4
2026-03-07 11:05:33,2026-03-07 11:07:29,IP Address,186.11.31.99,100,116,True,2026-03-07 11:07:30,R_5izlGL7fpj3o0MC,,,,,-33.4521,-70.6536,qr,ES,Psicología,Masculino,,Muchas ganas,Desapruebo,Muy malo,Bueno,Muy en desacuerdo,En desacuerdo,En desacuerdo,Muy en desacuerdo,Muy en desacuerdo,De acuerdo,De acuerdo,En desacuerdo,169,Escorpio,4
2026-03-07 11:05:46,2026-03-07 11:07:30,IP Address,181.42.227.156,100,103,True,2026-03-07 11:07:30,R_6LhwkUPnHEB4Jmu,,,,,-33.4521,-70.6536,qr,ES,Psicología,Masculino,,Un poco de ganas,No sé,Malo,Bueno,De acuerdo,De acuerdo,De acuerdo,Muy en desacuerdo,Muy en desacuerdo,Muy de acuerdo,De acuerdo,De acuerdo,173,Tauro,3
2026-03-07 11:05:33,2026-03-07 11:07:44,IP Address,186.11.17.80,100,130,True,2026-03-07 11:07:44,R_6shRDSXz4gnyup7,,,,,-33.4521,-70.6536,qr,ES,Psicología,Femenino,,Muchas ganas,Apruebo,Muy bueno,Muy bueno,Muy de acuerdo,Muy de acuerdo,Muy de acuerdo,De acuerdo,De acuerdo,Muy de acuerdo,Ni de acuerdo ni en desacuerdo,En desacuerdo,163,Sagitario,4
2026-03-07 11:05:33,2026-03-07 11:07:57,IP Address,181.42.168.32,100,144,True,2026-03-07 11:07:58,R_3j9YV0Z5DBVPo3u,,,,,-33.4521,-70.6536,qr,ES,Psicología,Femenino,,Muchas ganas,Apruebo,Malo,Muy bueno,De acuerdo,Ni de acuerdo ni en desacuerdo,Muy de acuerdo,De acuerdo,Ni de acuerdo ni en desacuerdo,Muy de acuerdo,Muy en desacuerdo,De acuerdo,160,Virgo,2
2026-03-07 11:05:32,2026-03-07 11:08:00,IP Address,179.189.216.230,100,147,True,2026-03-07 11:08:01,R_5j0Lik4MkwkXAHL,,,,,-33.4521,-70.6536,qr,ES,Psicología,Femenino,,Un poco de ganas,Apruebo,Muy malo,Bueno,De acuerdo,De acuerdo,De acuerdo,De acuerdo,Ni de acuerdo ni en desacuerdo,De acuerdo,De acuerdo,De acuerdo,178,Virgo,5
2026-03-07 11:05:37,2026-03-07 11:08:17,IP Address,104.28.63.194,100,160,True,2026-03-07 11:08:18,R_5s4G8IiZn6HBfGC,,,,,-33.4521,-70.6536,qr,ES,Psicología,Femenino,,Muchas ganas,No sé,Muy malo,Muy bueno,De acuerdo,De acuerdo,De acuerdo,De acuerdo,De acuerdo,De acuerdo,De acuerdo,De acuerdo,178,Piscis,3
2026-03-07 11:05:58,2026-03-07 11:08:31,IP Address,191.125.11.105,100,152,True,2026-03-07 11:08:31,R_5mx4ZOy66VCCXT2,,,,,-33.4521,-70.6536,qr,ES,Psicología,Femenino,,Un poco de ganas,No sé,Muy malo,Bueno,En desacuerdo,Ni de acuerdo ni en desacuerdo,Ni de acuerdo ni en desacuerdo,En desacuerdo,Muy en desacuerdo,De acuerdo,Ni de acuerdo ni en desacuerdo,Ni de acuerdo ni en desacuerdo,157,Aries,2
2026-03-07 11:07:02,2026-03-07 11:08:43,IP Address,186.11.31.99,100,100,True,2026-03-07 11:08:43,R_5RqLO5EMeIkyvvu,,,,,-33.4521,-70.6536,qr,ES,Psicología,Femenino,,Muchas ganas,No sé,Bueno,Muy bueno,De acuerdo,De acuerdo,De acuerdo,Ni de acuerdo ni en desacuerdo,Ni de acuerdo ni en desacuerdo,De acuerdo,Ni de acuerdo ni en desacuerdo,En desacuerdo,150,Géminis,3
2026-03-07 11:05:33,2026-03-07 11:08:50,IP Address,186.175.112.62,100,197,True,2026-03-07 11:08:50,R_7KiFShoh7qOOGL5,,,,,-33.4521,-70.6536,qr,ES,Psicología,Femenino,,Un poco de ganas,Apruebo,Malo,Muy bueno,Muy de acuerdo,Muy de acuerdo,De acuerdo,De acuerdo,Ni de acuerdo ni en desacuerdo,De acuerdo,Ni de acuerdo ni en desacuerdo,De acuerdo,162,Tauro,3
2026-03-07 11:05:42,2026-03-07 11:08:51,IP Address,172.225.83.48,100,189,True,2026-03-07 11:08:51,R_52xg0OcNls2zu3n,,,,,-33.4521,-70.6536,qr,ES,Psicología,Femenino,,Muchas ganas,Apruebo,Muy bueno,Muy bueno,Muy de acuerdo,Muy de acuerdo,Muy de acuerdo,Muy en desacuerdo,De acuerdo,Muy en desacuerdo,En desacuerdo,En desacuerdo,167,Cáncer,2
2026-03-07 11:05:36,2026-03-07 11:09:29,IP Address,179.189.216.230,100,233,True,2026-03-07 11:09:30,R_5eekANgEWOTQNMq,,,,,-33.4521,-70.6536,qr,ES,Psicología,Femenino,,Muchas ganas,Apruebo,Muy malo,Muy bueno,Ni de acuerdo ni en desacuerdo,De acuerdo,Ni de acuerdo ni en desacuerdo,En desacuerdo,De acuerdo,Ni de acuerdo ni en desacuerdo,En desacuerdo,Ni de acuerdo ni en desacuerdo,170,Virgo,3
2026-03-07 11:05:40,2026-03-07 11:09:44,IP Address,179.189.216.230,100,243,True,2026-03-07 11:09:44,R_51sJEmL7gylgFVt,,,,,-33.4521,-70.6536,qr,ES,Psicología,Femenino,,Un poco de ganas,Desapruebo,Malo,Muy bueno,De acuerdo,De acuerdo,Ni de acuerdo ni en desacuerdo,Ni de acuerdo ni en desacuerdo,Muy en desacuerdo,De acuerdo,En desacuerdo,En desacuerdo,162,Tauro,4
2026-03-07 11:08:15,2026-03-07 11:09:59,IP Address,181.42.212.145,100,103,True,2026-03-07 11:09:59,R_5oH1uBEkBVaM8DU,,,,,-33.4521,-70.6536,qr,ES,Psicología,Masculino,,Muchas ganas,Apruebo,Bueno,Muy bueno,De acuerdo,De acuerdo,De acuerdo,De acuerdo,Ni de acuerdo ni en desacuerdo,En desacuerdo,De acuerdo,Ni de acuerdo ni en desacuerdo,183,Aries,5
2026-03-07 11:06:51,2026-03-07 11:09:59,IP Address,104.28.63.199,100,187,True,2026-03-07 11:09:59,R_59izcqlPg3Eeg4F,,,,,-33.4521,-70.6536,qr,ES,Psicología,Femenino,,Muchas ganas,Desapruebo,Malo,Muy bueno,Ni de acuerdo ni en desacuerdo,En desacuerdo,Ni de acuerdo ni en desacuerdo,Ni de acuerdo ni en desacuerdo,Ni de acuerdo ni en desacuerdo,De acuerdo,De acuerdo,Ni de acuerdo ni en desacuerdo,169,Capricornio,3
2026-03-07 11:06:06,2026-03-07 11:10:03,IP Address,186.11.98.64,100,236,True,2026-03-07 11:10:04,R_315Q5iiCgAEzb0f,,,,,-33.4521,-70.6536,qr,ES,Psicología,Masculino,,Un poco de ganas,Apruebo,Muy malo,Muy bueno,De acuerdo,De acuerdo,De acuerdo,En desacuerdo,En desacuerdo,De acuerdo,En desacuerdo,De acuerdo,180,Virgo,5
2026-03-07 11:05:40,2026-03-07 11:10:31,IP Address,186.41.188.93,100,291,True,2026-03-07 11:10:31,R_61iyq5qkWg2cgU2,,,,,-33.4521,-70.6536,qr,ES,Psicología,Masculino,,Muchas ganas,Desapruebo,Malo,Muy bueno,En desacuerdo,Muy en desacuerdo,Muy en desacuerdo,Ni de acuerdo ni en desacuerdo,En desacuerdo,De acuerdo,De acuerdo,Muy de acuerdo,170,Aries,4
2026-03-08 21:43:26,2026-03-08 21:47:22,Survey Preview,,100,235,True,2026-03-08 21:47:22,R_5rNeht41RK8cdx2,,,,,-33.4521,-70.6536,preview,ES,Gobierno,Prefiero no responder,,Un poco de ganas,No sé,Bueno,Malo,Ni de acuerdo ni en desacuerdo,Ni de acuerdo ni en desacuerdo,Ni de acuerdo ni en desacuerdo,Ni de acuerdo ni en desacuerdo,Ni de acuerdo ni en desacuerdo,Ni de acuerdo ni en desacuerdo,Ni de acuerdo ni en desacuerdo,Ni de acuerdo ni en desacuerdo,120,Virgo,3
2026-03-08 22:01:36,2026-03-08 22:05:34,IP Address,181.43.226.31,100,238,True,2026-03-08 22:05:35,R_1Cy3YfUnzPhpxkd,,,,,-33.4521,-70.6536,qr,ES,Psicología,Masculino,,Muchas ganas,Apruebo,Malo,Bueno,Muy de acuerdo,Muy de acuerdo,Muy de acuerdo,Muy de acuerdo,Muy de acuerdo,Ni de acuerdo ni en desacuerdo,Ni de acuerdo ni en desacuerdo,Ni de acuerdo ni en desacuerdo,176,Virgo,4
2026-03-09 15:10:54,2026-03-09 15:13:41,IP Address,179.189.216.230,100,167,True,2026-03-09 15:13:41,R_67dfQtju9bGOSMF,,,,,-33.4521,-70.6536,qr,ES,Psicología,Femenino,,Un poco de ganas,Apruebo,Malo,Muy bueno,De acuerdo,De acuerdo,De acuerdo,En desacuerdo,Muy en desacuerdo,De acuerdo,Ni de acuerdo ni en desacuerdo,Ni de acuerdo ni en desacuerdo,162,Cáncer,3
2026-03-09 15:12:21,2026-03-09 15:14:10,IP Address,179.189.216.230,100,109,True,2026-03-09 15:14:11,R_11I0CUQRnQdKSDZ,,,,,-33.4521,-70.6536,qr,ES,Psicología,Femenino,,Nada de ganas,Apruebo,Malo,Muy bueno,Ni de acuerdo ni en desacuerdo,De acuerdo,Ni de acuerdo ni en desacuerdo,En desacuerdo,Muy en desacuerdo,En desacuerdo,En desacuerdo,Ni de acuerdo ni en desacuerdo,175,Tauro,4
2026-03-09 15:11:11,2026-03-09 15:14:23,IP Address,181.42.243.50,100,192,True,2026-03-09 15:14:24,R_6nq0gMwpYle2x9L,,,,,-33.4521,-70.6536,qr,ES,Psicología,Femenino,,Muchas ganas,No sé,Bueno,Bueno,Ni de acuerdo ni en desacuerdo,Ni de acuerdo ni en desacuerdo,Ni de acuerdo ni en desacuerdo,En desacuerdo,Muy en desacuerdo,Muy de acuerdo,De acuerdo,De acuerdo,160,Acuario,3
2026-03-09 15:11:55,2026-03-09 15:14:33,IP Address,186.11.118.62,100,157,True,2026-03-09 15:14:33,R_1NW9rYNgVv9tDAR,,,,,-33.4521,-70.6536,qr,ES,Psicología,Femenino,,Muchas ganas,Desapruebo,Muy malo,Muy bueno,En desacuerdo,Muy en desacuerdo,Muy en desacuerdo,En desacuerdo,Muy en desacuerdo,Muy de acuerdo,De acuerdo,Ni de acuerdo ni en desacuerdo,152,Capricornio,3
2026-03-09 15:12:36,2026-03-09 15:14:40,IP Address,186.11.22.26,100,124,True,2026-03-09 15:14:40,R_7k4MB5aUt5pW0hj,,,,,-33.4521,-70.6536,qr,ES,Psicología,Femenino,,Muchas ganas,Desapruebo,Muy malo,Muy bueno,En desacuerdo,Muy en desacuerdo,Muy en desacuerdo,Muy en desacuerdo,Muy en desacuerdo,De acuerdo,Ni de acuerdo ni en desacuerdo,Ni de acuerdo ni en desacuerdo,161,Libra,4
2026-03-09 15:11:24,2026-03-09 15:14:47,IP Address,186.11.44.142,100,203,True,2026-03-09 15:14:47,R_19oyhPDjQoaMYhP,,,,,-33.4521,-70.6536,qr,ES,Psicología,Masculino,,Muchas ganas,Desapruebo,Malo,Bueno,En desacuerdo,Muy en desacuerdo,En desacuerdo,Muy en desacuerdo,Muy en desacuerdo,De acuerdo,Ni de acuerdo ni en desacuerdo,En desacuerdo,169,Escorpio,3
2026-03-09 15:09:05,2026-03-09 15:15:06,IP Address,186.40.67.108,100,361,True,2026-03-09 15:15:07,R_3WgAprXqMzgPd5v,,,,,-33.4521,-70.6536,qr,ES,Psicología,Femenino,,Un poco de ganas,No sé,Muy malo,Muy bueno,Ni de acuerdo ni en desacuerdo,De acuerdo,De acuerdo,En desacuerdo,De acuerdo,De acuerdo,Muy en desacuerdo,Ni de acuerdo ni en desacuerdo,165,Capricornio,3
2026-03-09 15:12:17,2026-03-09 15:15:08,IP Address,179.189.216.230,100,170,True,2026-03-09 15:15:09,R_7fv6JPEbyQ9eWBo,,,,,-33.4521,-70.6536,qr,ES,Psicología,Femenino,,Un poco de ganas,Apruebo,Muy malo,Muy bueno,Muy de acuerdo,De acuerdo,Muy de acuerdo,De acuerdo,De acuerdo,De acuerdo,En desacuerdo,De acuerdo,175,Escorpio,3
2026-03-09 15:12:31,2026-03-09 15:15:29,IP Address,179.189.216.230,100,177,True,2026-03-09 15:15:29,R_7ytVSIKR15RqWVX,,,,,-33.4521,-70.6536,qr,ES,Psicología,Femenino,,Un poco de ganas,Desapruebo,Malo,Bueno,En desacuerdo,En desacuerdo,En desacuerdo,En desacuerdo,En desacuerdo,De acuerdo,Ni de acuerdo ni en desacuerdo,Ni de acuerdo ni en desacuerdo,163,Libra,3
2026-03-02 15:36:00,2026-03-02 15:36:26,IP Address,181.42.206.248,30,25,False,2026-03-09 16:36:27,R_6jxMDHyTwihj3fH,,,,,-33.4521,-70.6536,qr,ES,Comunicaciones,Otro,,Un poco de ganas,,,,,,,,,,,,,,
2026-03-12 22:00:50,2026-03-12 22:02:55,IP Address,201.241.128.66,100,124,True,2026-03-12 22:02:55,R_5VZWFMK0wsbrLLr,,,,,-33.4132,-70.5702,qr,ES,Psicología,Masculino,,Muchas ganas,No sé,Muy malo,Muy bueno,De acuerdo,De acuerdo,Ni de acuerdo ni en desacuerdo,En desacuerdo,Ni de acuerdo ni en desacuerdo,De acuerdo,De acuerdo,En desacuerdo,190,Acuario,3
2026-03-07 09:07:48,2026-03-07 09:09:16,IP Address,181.42.165.82,60,87,False,2026-03-14 10:09:18,R_6i5ydCBGOCnoHw5,,,,,-33.4521,-70.6536,qr,ES,Psicología,Femenino,,Muchas ganas,Apruebo,Muy malo,Muy bueno,Muy de acuerdo,Muy de acuerdo,Muy de acuerdo,En desacuerdo,Ni de acuerdo ni en desacuerdo,,,,,,
2026-03-07 09:07:53,2026-03-07 09:11:37,IP Address,179.189.216.230,50,224,False,2026-03-14 10:12:57,R_11hfi8UC0txVTQf,,,,,-33.4521,-70.6536,qr,ES,Psicología,Femenino,,Un poco de ganas,Apruebo,Ni bueno ni malo,Ni bueno ni malo,,,,,,,,,,,
2026-03-07 11:05:46,2026-03-07 11:06:26,IP Address,186.11.100.54,40,39,False,2026-03-14 12:06:31,R_6PpgGTxOilsZh71,,,,,-33.4521,-70.6536,qr,ES,Psicología,Femenino,,Muchas ganas,Apruebo,,,,,,,,,,,,,
2026-03-07 11:08:18,2026-03-07 11:08:34,IP Address,181.42.197.70,40,16,False,2026-03-14 12:08:36,R_5JyASA6sfHrsk2m,,,,,-33.4521,-70.6536,qr,ES,Psicología,Femenino,,Un poco de ganas,Apruebo,,,,,,,,,,,,,
2026-03-14 12:33:57,2026-03-14 12:36:14,IP Address,45.232.92.109,100,137,True,2026-03-14 12:36:15,R_7GnDv7Tprc49jY5,,,,,-33.4521,-70.6536,qr,ES,Ciencias de la Salud,Masculino,,Un poco de ganas,No sé,Malo,Bueno,De acuerdo,De acuerdo,De acuerdo,En desacuerdo,Muy en desacuerdo,Ni de acuerdo ni en desacuerdo,De acuerdo,Ni de acuerdo ni en desacuerdo,182,Capricornio,3
2026-03-14 12:34:06,2026-03-14 12:36:26,IP Address,181.42.194.164,100,140,True,2026-03-14 12:36:27,R_1pnDkyd9HJcsDUc,,,,,-33.4521,-70.6536,qr,ES,Ciencias de la Salud,Masculino,,Nada de ganas,Desapruebo,Muy malo,Ni bueno ni malo,Muy en desacuerdo,Muy en desacuerdo,De acuerdo,Muy en desacuerdo,Muy en desacuerdo,Muy de acuerdo,Muy de acuerdo,De acuerdo,180,Leo,3
2026-03-14 12:34:15,2026-03-14 12:37:21,IP Address,179.189.216.230,100,185,True,2026-03-14 12:37:21,R_7znzoWgEe64Bt9J,,,,,-33.4521,-70.6536,qr,ES,Ciencias de la Salud,Masculino,,Un poco de ganas,Apruebo,Malo,Muy bueno,Ni de acuerdo ni en desacuerdo,Ni de acuerdo ni en desacuerdo,Ni de acuerdo ni en desacuerdo,Muy en desacuerdo,Muy en desacuerdo,Muy de acuerdo,En desacuerdo,En desacuerdo,169,Cáncer,3
2026-03-14 12:34:18,2026-03-14 12:37:26,IP Address,179.189.216.39,100,187,True,2026-03-14 12:37:26,R_7kGQj8f4RT3EPOs,,,,,-33.4521,-70.6536,qr,ES,Ciencias de la Salud,Femenino,,Nada de ganas,Apruebo,Ni bueno ni malo,Muy bueno,Ni de acuerdo ni en desacuerdo,Ni de acuerdo ni en desacuerdo,Ni de acuerdo ni en desacuerdo,Ni de acuerdo ni en desacuerdo,Ni de acuerdo ni en desacuerdo,De acuerdo,Ni de acuerdo ni en desacuerdo,Ni de acuerdo ni en desacuerdo,157,Piscis,3
2026-03-14 12:34:07,2026-03-14 12:37:41,IP Address,179.189.216.230,100,213,True,2026-03-14 12:37:41,R_7kN6BsYaNVFNcLT,,,,,-33.4521,-70.6536,qr,ES,Ciencias de la Salud,Prefiero no responder,,Nada de ganas,Apruebo,Ni bueno ni malo,Bueno,Muy de acuerdo,Muy de acuerdo,Muy de acuerdo,Muy de acuerdo,Muy de acuerdo,De acuerdo,De acuerdo,En desacuerdo,160,Acuario,4
2026-03-14 12:34:17,2026-03-14 12:37:46,IP Address,179.189.216.230,100,209,True,2026-03-14 12:37:46,R_7xEnUh8hpBUkZAZ,,,,,-33.4521,-70.6536,qr,ES,Ciencias de la Salud,Femenino,,Un poco de ganas,No sé,Ni bueno ni malo,Muy bueno,De acuerdo,De acuerdo,De acuerdo,Ni de acuerdo ni en desacuerdo,En desacuerdo,De acuerdo,Ni de acuerdo ni en desacuerdo,De acuerdo,165,Libra,4
2026-03-14 12:33:59,2026-03-14 12:37:54,IP Address,181.203.112.40,100,235,True,2026-03-14 12:37:55,R_7H8pVAmBCwU2E8Y,,,,,-33.4521,-70.6536,qr,ES,Ciencias de la Salud,Femenino,,Un poco de ganas,Apruebo,Ni bueno ni malo,Ni bueno ni malo,Muy de acuerdo,Muy de acuerdo,Muy de acuerdo,En desacuerdo,En desacuerdo,De acuerdo,Ni de acuerdo ni en desacuerdo,En desacuerdo,176,Libra,1
2026-03-14 12:34:04,2026-03-14 12:37:55,IP Address,186.10.194.56,100,230,True,2026-03-14 12:37:55,R_1nTztcUmaSldMtz,,,,,-33.4521,-70.6536,qr,ES,Ciencias de la Salud,Masculino,,Un poco de ganas,Apruebo,Bueno,Bueno,De acuerdo,De acuerdo,De acuerdo,En desacuerdo,Ni de acuerdo ni en desacuerdo,Ni de acuerdo ni en desacuerdo,Ni de acuerdo ni en desacuerdo,Ni de acuerdo ni en desacuerdo,185,Piscis,2
2026-03-14 12:34:00,2026-03-14 12:37:56,IP Address,172.225.83.53,100,236,True,2026-03-14 12:37:56,R_7YfYnW0joZklwLT,,,,,-33.4521,-70.6536,qr,ES,Ciencias de la Salud,Femenino,,Un poco de ganas,Apruebo,Ni bueno ni malo,Ni bueno ni malo,Muy de acuerdo,Muy de acuerdo,Muy de acuerdo,En desacuerdo,En desacuerdo,De acuerdo,Ni de acuerdo ni en desacuerdo,En desacuerdo,166,Escorpio,3
2026-03-14 12:34:18,2026-03-14 12:37:56,IP Address,191.126.36.142,100,218,True,2026-03-14 12:37:57,R_726o5BcXycOpi5X,,,,,-33.4521,-70.6536,qr,ES,Ciencias de la Salud,Femenino,,Nada de ganas,Desapruebo,Muy malo,Bueno,Muy en desacuerdo,Muy en desacuerdo,Muy en desacuerdo,Muy en desacuerdo,Muy en desacuerdo,De acuerdo,En desacuerdo,De acuerdo,165,Acuario,3
2026-03-14 12:35:50,2026-03-14 12:38:48,IP Address,181.42.165.139,100,177,True,2026-03-14 12:38:48,R_72WjuJPdEcYjUwF,,,,,-33.4521,-70.6536,qr,ES,Ciencias de la Salud,Femenino,,Nada de ganas,Apruebo,Muy bueno,Muy bueno,Muy de acuerdo,Muy de acuerdo,Muy de acuerdo,Ni de acuerdo ni en desacuerdo,Ni de acuerdo ni en desacuerdo,Ni de acuerdo ni en desacuerdo,Ni de acuerdo ni en desacuerdo,Ni de acuerdo ni en desacuerdo,169,Leo,4
